<?xml version="1.0" encoding="UTF-8" standalone="no"?>
<ExtensionManifest xmlns:xsi="http://www.w3.org/2001/XMLSchema-instance" ExtensionBundleId="COLOR_TO_GRAY" ExtensionBundleVersion="1.0" Version="6.0"> <!-- MAJOR-VERSION-UPDATE-MARKER -->
    <ExtensionList>
        <Extension Id="COLOR_TO_GRAY" Version="1.0"/> <!-- 设置扩展 ID-->
    </ExtensionList>

    <ExecutionEnvironment>
        <HostList> <!-- 设置扩展能在 11.0 版本之后 PhotoShop 中运行-->
            <Host Name="PHXS" Version="[11.0,99.9]"/>
            <Host Name="PHSP" Version="[11.0,99.9]"/>
        </HostList>

        <LocaleList>
            <Locale Code="All"/>
        </LocaleList>

        <RequiredRuntimeList>
            <RequiredRuntime Name="CSXS" Version="6.0"/> 
        </RequiredRuntimeList>
    </ExecutionEnvironment>

    <DispatchInfoList>
        <Extension Id="COLOR_TO_GRAY">
            <DispatchInfo>
                <Resources>
                    <MainPath>./index.html</MainPath> <!-- 指定起始载入的网页-->
                    <ScriptPath>./jsx/main.jsx</ScriptPath> <!-- 指定用到的 JSX 文件-->
                </Resources>

                <Lifecycle>
                    <AutoVisible>true</AutoVisible> <!-- 设置扩展面板为可视-->
                    <StartOn>
                    </StartOn>
                </Lifecycle>

                <UI>
                    <Type>Panel</Type> <!-- 设置扩展显示为面板模式-->
                    <Menu>brightness</Menu> <!-- 设置扩展标题-->
                    <Geometry>
                        <Size>  <!-- 设置扩展面板尺寸-->
                            <Height>100</Height>
                            <Width>200</Width>
                        </Size>
                        <MaxSize>
                            <Height>100</Height>
                            <Width>400</Width>
                        </MaxSize>
                        <MinSize>
                            <Height>100</Height>
                            <Width>200</Width>
                        </MinSize>
                    </Geometry>
                    <Icons>  <!-- 设置扩展面板尺寸-->
                        <Icon Type="Normal">./icon.png</Icon>
                        <Icon Type="DarkNormal">./icon.png</Icon>
                    </Icons>
                </UI>

            </DispatchInfo>
        </Extension>
    </DispatchInfoList>
</ExtensionManifest>